FD-F_fod_zone_D,859,849
2025,194.2,0
2030,861.8351105041581,0
2035,1458.113168502397,0
2040,1684.231213739323,0
2045,1864.333424341772,0
2050,1838.326480295878,0
