FD_bus-od_D,859,849
2025,42.08896218328123,53.97686767439899
2030,47.72454725125334,55.41241584199466
2035,46.34886784829434,53.74239560398086
2040,44.51044185904646,51.37741732268972
2045,42.28411056626113,48.38038832339124
2050,39.48002856877024,44.95713833400153
