FD_bus-od_O,859,849
2025,42.22458941070258,42.50016385213293
2030,47.87833455528428,43.81148101531279
2035,46.49822217100268,42.12368050080561
2040,44.65387204851877,39.90928642111495
2045,42.42036663869898,37.04233713324664
2050,39.60724878365653,34.05872917579197
