FD_bus-od_D,859,849
2025,42.08896218328123,51.78594852341955
2030,47.72454725125334,53.17656688757413
2035,46.34886784829434,51.57099590119033
2040,44.51044185904646,49.29214610225439
2045,42.28411056626113,46.39941857420846
2050,39.48002856877024,43.10753711869279
