FD_bus-od_O,859,849
2025,0,42.50016385213293
2030,0,43.81148101531279
2035,0,42.12368050080561
2040,0,39.90928642111495
2045,0,37.04233713324664
2050,0,34.05872917579197
