FD_bus-od_O,859,849
2025,42.22458941070258,36.21216661767469
2030,47.87833455528428,37.39453402948831
2035,46.49822217100268,35.89170461071105
2040,44.65387204851877,33.92450160542195
2045,42.42036663869898,31.35690036172625
2050,39.60724878365653,28.7503236504157
