FD_bus-od_O,859,849
2025,42.22458941070258,40.30924470115349
2030,47.87833455528428,41.57563206089226
2035,46.49822217100268,39.95228079801508
2040,44.65387204851877,37.82401520067961
2045,42.42036663869898,35.06136738406386
2050,39.60724878365653,32.20912796048324
