FD-F_fod_zone_O,859,849
2025,194.2,0
2030,861.7342057969889,0
2035,1457.942450832052,0
2040,1684.034021892116,0
2045,1864.333424341772,0
2050,1838.326480295878,0
