FD_bus-od_D,859,849
2025,42.08896218328123,47.69113108967452
2030,47.72454725125334,48.99777586569232
2035,46.34886784829434,47.51266022292462
2040,44.51044185904646,45.39478414633366
2045,42.28411056626113,42.69699557012413
2050,39.48002856877024,39.65064127726642
