FD_bus-od_D,859,849
2025,0,53.97686767439899
2030,0,55.41241584199466
2035,0,53.74239560398086
2040,0,51.37741732268972
2045,0,48.38038832339124
2050,0,44.95713833400153
