FD_bus-od_O,859,849
2025,42.22458941070258,23.837407257996
2030,47.87833455528428,24.3262477622968
2035,46.49822217100268,23.62503381841825
2040,44.65387204851877,22.68794779701204
2045,42.42036663869898,21.55313794027049
2050,39.60724878365653,20.1238358861799
