FD_pccar_taxi-od_D,859,849
2025,0,19062.02154868412
2030,0,19652.47325072973
2035,0,19058.54746167603
2040,0,18235.66148426282
2045,0,17315.71580125586
2050,0,16208.87090253564
