FD_bus-od_D,859,849
2025,42.08896218328123,23.83514660826224
2030,47.72454725125334,24.32394075277466
2035,46.34886784829434,23.62279330937993
2040,44.51044185904646,22.68579615767511
2045,42.28411056626113,21.55109392201719
2050,39.48002856877024,20.12192741753874
