FD_bus-od_O,859,849
2025,42.22458941070258,27.1416729795746
2030,47.87833455528428,28.138029193261
2035,46.49822217100268,26.90202227527246
2040,44.65387204851877,25.29139466023123
2045,42.42036663869898,23.15560571367933
2050,39.60724878365653,21.09290003029709
