FD_pccar_taxi-od_O,859,849
2025,0,19034.3087755609
2030,0,19577.43568187999
2035,0,19002.05467465245
2040,0,18215.42787218881
2045,0,17311.90821597028
2050,0,16208.01778060188
