FD_bus-od_D,859,849
2025,42.08896218328123,38.61837680184066
2030,47.72454725125334,39.73896401994287
2035,46.34886784829434,38.52073737844771
2040,44.51044185904646,36.759525561806
2045,42.28411056626113,34.49365690382393
2050,39.48002856877024,31.99130918850665
