FD_bus-od_D,859,849
2025,0,30.14172106613675
2030,0,31.08847508922
2035,0,30.11960229460094
2040,0,28.69162116501461
2045,0,26.82929440137404
2050,0,24.83521091646279
