FD_pccar_taxi-od_D,859,849
2025,0,2380.693537766759
2030,0,2429.515098643401
2035,0,2359.483341971389
2040,0,2265.894529591428
2045,0,2152.558609149309
2050,0,2009.811114555541
