FD_bus-od_D,859,849
2025,0,2.190919150979437
2030,0,2.235848954420531
2035,0,2.171399702790533
2040,0,2.085271220435335
2045,0,1.98096974918278
2050,0,1.849601215308741
