FD_pccar_taxi-od_O,859,849
2025,0,10026.9394161855
2030,0,10385.34963195162
2035,0,10074.93422790811
2040,0,9642.401300879765
2045,0,9167.688830849751
2050,0,8603.884462223756
