FD_pccar_taxi-od_O,859,849
2025,0,827.8760276154301
2030,0,844.8535172584077
2035,0,820.5002724577596
2040,0,787.9551619707336
2045,0,748.543078847352
2050,0,698.9032462096739
