FD_pccar_taxi-od_O,859,849
2025,0,5803.466735893608
2030,0,5922.480082234598
2035,0,5751.762195259753
2040,0,5523.618777855265
2045,0,5247.337419573119
2050,0,4899.358848049711
