FD_bus-od_O,859,849
2025,42.22458941070258,0
2030,47.87833455528428,0
2035,46.49822217100268,0
2040,44.65387204851877,0
2045,42.42036663869898,0
2050,39.60724878365653,0
