FD_bus-od_D,859,849
2025,0,6.285736584724471
2030,0,6.414639976302342
2035,0,6.229735381056238
2040,0,5.982633176356057
2045,0,5.683392753267105
2050,0,5.30649705673512
