FD_bus-od_O,859,849
2025,0,18.66275659413693
2030,0,19.48523325301599
2035,0,18.49864668238737
2040,0,17.22133862410291
2045,0,15.48919919297616
2050,0,13.93489328961208
