FD_pccar_taxi-od_D,859,849
2025,0,10034.57047160394
2030,0,10439.89366158831
2035,0,10111.52421028635
2040,0,9643.521552258571
2045,0,9153.33907095579
2050,0,8587.784348135252
