FD_bus-od_D,859,849
2025,42.08896218328123,0
2030,47.72454725125334,0
2035,46.34886784829434,0
2040,44.51044185904646,0
2045,42.28411056626113,0
2050,39.48002856877024,0
