FD_pccar_taxi-od_O,859,849
2025,10425.51966141482,0
2030,11821.46529376062,0
2035,11480.70676897453,0
2040,11025.32499421142,0
2045,10473.85830409246,0
2050,9779.281615084112,0
