FD_pccar_taxi-od_D,859,849
2025,10581.82697462435,0
2030,11998.70168468184,0
2035,11652.83424914671,0
2040,11190.62504476768,0
2045,10630.89034696598,0
2050,9925.90003642099,0
