FD_bus-od_D,859,849
2025,0,15.35849087255833
2030,0,15.67345182205179
2035,0,15.22165822553316
2040,0,14.61789176088372
2045,0,13.88673141956731
2050,0,12.96582914549488
