FD_bus-od_O,859,849
2025,0,6.287997234458232
2030,0,6.41694698582448
2035,0,6.23197589009456
2040,0,5.984784815692994
2045,0,5.685436771520396
2050,0,5.308405525376277
