FD_pccar_taxi-od_D,859,849
2025,0,5816.957086462465
2030,0,5936.247083267319
2035,0,5765.132356912073
2040,0,5536.458612580448
2045,0,5259.535029133848
2050,0,4910.747569900055
