FD_pccar_taxi-od_O,859,849
2025,0,2376.026595866361
2030,0,2424.752450435374
2035,0,2354.85797902683
2040,0,2261.45263148305
2045,0,2148.338886700059
2050,0,2005.871224118738
