FD_pccar_taxi-od_D,859,849
2025,0,829.800452850955
2030,0,846.8174072306987
2035,0,822.4075525062241
2040,0,789.7867898323667
2045,0,750.2830920169093
2050,0,700.5278699447886
